--
-- PostgreSQL database dump
--

-- Dumped from database version 12.16 (Ubuntu 12.16-0ubuntu0.20.04.1)
-- Dumped by pg_dump version 14.11 (Ubuntu 14.11-0ubuntu0.22.04.1)

SET statement_timeout = 0;
SET lock_timeout = 0;
SET idle_in_transaction_session_timeout = 0;
SET client_encoding = 'UTF8';
SET standard_conforming_strings = on;
SELECT pg_catalog.set_config('search_path', '', false);
SET check_function_bodies = false;
SET xmloption = content;
SET client_min_messages = warning;
SET row_security = off;

SET default_tablespace = '';

SET default_table_access_method = heap;

--
-- Name: auth_group; Type: TABLE; Schema: public; Owner: lena
--

CREATE TABLE public.auth_group (
    id integer NOT NULL,
    name character varying(150) NOT NULL
);


ALTER TABLE public.auth_group OWNER TO lena;

--
-- Name: auth_group_id_seq; Type: SEQUENCE; Schema: public; Owner: lena
--

ALTER TABLE public.auth_group ALTER COLUMN id ADD GENERATED BY DEFAULT AS IDENTITY (
    SEQUENCE NAME public.auth_group_id_seq
    START WITH 1
    INCREMENT BY 1
    NO MINVALUE
    NO MAXVALUE
    CACHE 1
);


--
-- Name: auth_group_permissions; Type: TABLE; Schema: public; Owner: lena
--

CREATE TABLE public.auth_group_permissions (
    id bigint NOT NULL,
    group_id integer NOT NULL,
    permission_id integer NOT NULL
);


ALTER TABLE public.auth_group_permissions OWNER TO lena;

--
-- Name: auth_group_permissions_id_seq; Type: SEQUENCE; Schema: public; Owner: lena
--

ALTER TABLE public.auth_group_permissions ALTER COLUMN id ADD GENERATED BY DEFAULT AS IDENTITY (
    SEQUENCE NAME public.auth_group_permissions_id_seq
    START WITH 1
    INCREMENT BY 1
    NO MINVALUE
    NO MAXVALUE
    CACHE 1
);


--
-- Name: auth_permission; Type: TABLE; Schema: public; Owner: lena
--

CREATE TABLE public.auth_permission (
    id integer NOT NULL,
    name character varying(255) NOT NULL,
    content_type_id integer NOT NULL,
    codename character varying(100) NOT NULL
);


ALTER TABLE public.auth_permission OWNER TO lena;

--
-- Name: auth_permission_id_seq; Type: SEQUENCE; Schema: public; Owner: lena
--

ALTER TABLE public.auth_permission ALTER COLUMN id ADD GENERATED BY DEFAULT AS IDENTITY (
    SEQUENCE NAME public.auth_permission_id_seq
    START WITH 1
    INCREMENT BY 1
    NO MINVALUE
    NO MAXVALUE
    CACHE 1
);


--
-- Name: auth_user; Type: TABLE; Schema: public; Owner: lena
--

CREATE TABLE public.auth_user (
    id integer NOT NULL,
    password character varying(128) NOT NULL,
    last_login timestamp with time zone,
    is_superuser boolean NOT NULL,
    username character varying(150) NOT NULL,
    first_name character varying(150) NOT NULL,
    last_name character varying(150) NOT NULL,
    email character varying(254) NOT NULL,
    is_staff boolean NOT NULL,
    is_active boolean NOT NULL,
    date_joined timestamp with time zone NOT NULL
);


ALTER TABLE public.auth_user OWNER TO lena;

--
-- Name: auth_user_groups; Type: TABLE; Schema: public; Owner: lena
--

CREATE TABLE public.auth_user_groups (
    id bigint NOT NULL,
    user_id integer NOT NULL,
    group_id integer NOT NULL
);


ALTER TABLE public.auth_user_groups OWNER TO lena;

--
-- Name: auth_user_groups_id_seq; Type: SEQUENCE; Schema: public; Owner: lena
--

ALTER TABLE public.auth_user_groups ALTER COLUMN id ADD GENERATED BY DEFAULT AS IDENTITY (
    SEQUENCE NAME public.auth_user_groups_id_seq
    START WITH 1
    INCREMENT BY 1
    NO MINVALUE
    NO MAXVALUE
    CACHE 1
);


--
-- Name: auth_user_id_seq; Type: SEQUENCE; Schema: public; Owner: lena
--

ALTER TABLE public.auth_user ALTER COLUMN id ADD GENERATED BY DEFAULT AS IDENTITY (
    SEQUENCE NAME public.auth_user_id_seq
    START WITH 1
    INCREMENT BY 1
    NO MINVALUE
    NO MAXVALUE
    CACHE 1
);


--
-- Name: auth_user_user_permissions; Type: TABLE; Schema: public; Owner: lena
--

CREATE TABLE public.auth_user_user_permissions (
    id bigint NOT NULL,
    user_id integer NOT NULL,
    permission_id integer NOT NULL
);


ALTER TABLE public.auth_user_user_permissions OWNER TO lena;

--
-- Name: auth_user_user_permissions_id_seq; Type: SEQUENCE; Schema: public; Owner: lena
--

ALTER TABLE public.auth_user_user_permissions ALTER COLUMN id ADD GENERATED BY DEFAULT AS IDENTITY (
    SEQUENCE NAME public.auth_user_user_permissions_id_seq
    START WITH 1
    INCREMENT BY 1
    NO MINVALUE
    NO MAXVALUE
    CACHE 1
);


--
-- Name: buyer_email; Type: TABLE; Schema: public; Owner: lena
--

CREATE TABLE public.buyer_email (
    id bigint NOT NULL,
    email character varying(254) NOT NULL
);


ALTER TABLE public.buyer_email OWNER TO lena;

--
-- Name: buyer_emails_id_seq; Type: SEQUENCE; Schema: public; Owner: lena
--

ALTER TABLE public.buyer_email ALTER COLUMN id ADD GENERATED BY DEFAULT AS IDENTITY (
    SEQUENCE NAME public.buyer_emails_id_seq
    START WITH 1
    INCREMENT BY 1
    NO MINVALUE
    NO MAXVALUE
    CACHE 1
);


--
-- Name: buyer_profilebuyer; Type: TABLE; Schema: public; Owner: lena
--

CREATE TABLE public.buyer_profilebuyer (
    name character varying(100) NOT NULL,
    surname character varying(100) NOT NULL,
    password character varying(150) NOT NULL,
    email_id bigint NOT NULL,
    active_account boolean NOT NULL,
    id bigint NOT NULL
);


ALTER TABLE public.buyer_profilebuyer OWNER TO lena;

--
-- Name: buyer_profilebuyer_id_seq; Type: SEQUENCE; Schema: public; Owner: lena
--

ALTER TABLE public.buyer_profilebuyer ALTER COLUMN id ADD GENERATED BY DEFAULT AS IDENTITY (
    SEQUENCE NAME public.buyer_profilebuyer_id_seq
    START WITH 1
    INCREMENT BY 1
    NO MINVALUE
    NO MAXVALUE
    CACHE 1
);


--
-- Name: buyer_shoppingcart; Type: TABLE; Schema: public; Owner: lena
--

CREATE TABLE public.buyer_shoppingcart (
    buyer_id bigint NOT NULL,
    product_id bigint NOT NULL,
    quantity smallint NOT NULL,
    id bigint NOT NULL,
    CONSTRAINT buyer_shoppingcart_quantity_18d106d6_check CHECK ((quantity >= 0))
);


ALTER TABLE public.buyer_shoppingcart OWNER TO lena;

--
-- Name: buyer_shoppingcart_id_seq; Type: SEQUENCE; Schema: public; Owner: lena
--

ALTER TABLE public.buyer_shoppingcart ALTER COLUMN id ADD GENERATED BY DEFAULT AS IDENTITY (
    SEQUENCE NAME public.buyer_shoppingcart_id_seq
    START WITH 1
    INCREMENT BY 1
    NO MINVALUE
    NO MAXVALUE
    CACHE 1
);


--
-- Name: buyer_tokenbuyer; Type: TABLE; Schema: public; Owner: lena
--

CREATE TABLE public.buyer_tokenbuyer (
    id bigint NOT NULL,
    token character varying(254) NOT NULL,
    stop_date timestamp with time zone NOT NULL,
    profile_id bigint NOT NULL
);


ALTER TABLE public.buyer_tokenbuyer OWNER TO lena;

--
-- Name: buyer_tokenbuyer_id_seq; Type: SEQUENCE; Schema: public; Owner: lena
--

ALTER TABLE public.buyer_tokenbuyer ALTER COLUMN id ADD GENERATED BY DEFAULT AS IDENTITY (
    SEQUENCE NAME public.buyer_tokenbuyer_id_seq
    START WITH 1
    INCREMENT BY 1
    NO MINVALUE
    NO MAXVALUE
    CACHE 1
);


--
-- Name: buyer_tokenemailbuyer; Type: TABLE; Schema: public; Owner: lena
--

CREATE TABLE public.buyer_tokenemailbuyer (
    id bigint NOT NULL,
    token character varying(254) NOT NULL,
    stop_date timestamp with time zone NOT NULL,
    profile_id bigint NOT NULL
);


ALTER TABLE public.buyer_tokenemailbuyer OWNER TO lena;

--
-- Name: buyer_tokenemailbuyer_id_seq; Type: SEQUENCE; Schema: public; Owner: lena
--

ALTER TABLE public.buyer_tokenemailbuyer ALTER COLUMN id ADD GENERATED BY DEFAULT AS IDENTITY (
    SEQUENCE NAME public.buyer_tokenemailbuyer_id_seq
    START WITH 1
    INCREMENT BY 1
    NO MINVALUE
    NO MAXVALUE
    CACHE 1
);


--
-- Name: django_admin_log; Type: TABLE; Schema: public; Owner: lena
--

CREATE TABLE public.django_admin_log (
    id integer NOT NULL,
    action_time timestamp with time zone NOT NULL,
    object_id text,
    object_repr character varying(200) NOT NULL,
    action_flag smallint NOT NULL,
    change_message text NOT NULL,
    content_type_id integer,
    user_id integer NOT NULL,
    CONSTRAINT django_admin_log_action_flag_check CHECK ((action_flag >= 0))
);


ALTER TABLE public.django_admin_log OWNER TO lena;

--
-- Name: django_admin_log_id_seq; Type: SEQUENCE; Schema: public; Owner: lena
--

ALTER TABLE public.django_admin_log ALTER COLUMN id ADD GENERATED BY DEFAULT AS IDENTITY (
    SEQUENCE NAME public.django_admin_log_id_seq
    START WITH 1
    INCREMENT BY 1
    NO MINVALUE
    NO MAXVALUE
    CACHE 1
);


--
-- Name: django_content_type; Type: TABLE; Schema: public; Owner: lena
--

CREATE TABLE public.django_content_type (
    id integer NOT NULL,
    app_label character varying(100) NOT NULL,
    model character varying(100) NOT NULL
);


ALTER TABLE public.django_content_type OWNER TO lena;

--
-- Name: django_content_type_id_seq; Type: SEQUENCE; Schema: public; Owner: lena
--

ALTER TABLE public.django_content_type ALTER COLUMN id ADD GENERATED BY DEFAULT AS IDENTITY (
    SEQUENCE NAME public.django_content_type_id_seq
    START WITH 1
    INCREMENT BY 1
    NO MINVALUE
    NO MAXVALUE
    CACHE 1
);


--
-- Name: django_migrations; Type: TABLE; Schema: public; Owner: lena
--

CREATE TABLE public.django_migrations (
    id bigint NOT NULL,
    app character varying(255) NOT NULL,
    name character varying(255) NOT NULL,
    applied timestamp with time zone NOT NULL
);


ALTER TABLE public.django_migrations OWNER TO lena;

--
-- Name: django_migrations_id_seq; Type: SEQUENCE; Schema: public; Owner: lena
--

ALTER TABLE public.django_migrations ALTER COLUMN id ADD GENERATED BY DEFAULT AS IDENTITY (
    SEQUENCE NAME public.django_migrations_id_seq
    START WITH 1
    INCREMENT BY 1
    NO MINVALUE
    NO MAXVALUE
    CACHE 1
);


--
-- Name: django_session; Type: TABLE; Schema: public; Owner: lena
--

CREATE TABLE public.django_session (
    session_key character varying(40) NOT NULL,
    session_data text NOT NULL,
    expire_date timestamp with time zone NOT NULL
);


ALTER TABLE public.django_session OWNER TO lena;

--
-- Name: seller_catalog; Type: TABLE; Schema: public; Owner: lena
--

CREATE TABLE public.seller_catalog (
    id bigint NOT NULL,
    title_catalog character varying(100) NOT NULL
);


ALTER TABLE public.seller_catalog OWNER TO lena;

--
-- Name: seller_catalog_id_seq; Type: SEQUENCE; Schema: public; Owner: lena
--

ALTER TABLE public.seller_catalog ALTER COLUMN id ADD GENERATED BY DEFAULT AS IDENTITY (
    SEQUENCE NAME public.seller_catalog_id_seq
    START WITH 1
    INCREMENT BY 1
    NO MINVALUE
    NO MAXVALUE
    CACHE 1
);


--
-- Name: seller_catalogproduct; Type: TABLE; Schema: public; Owner: lena
--

CREATE TABLE public.seller_catalogproduct (
    id bigint NOT NULL,
    catalog_id bigint NOT NULL,
    product_id bigint NOT NULL
);


ALTER TABLE public.seller_catalogproduct OWNER TO lena;

--
-- Name: seller_catalogproduct_id_seq; Type: SEQUENCE; Schema: public; Owner: lena
--

ALTER TABLE public.seller_catalogproduct ALTER COLUMN id ADD GENERATED BY DEFAULT AS IDENTITY (
    SEQUENCE NAME public.seller_catalogproduct_id_seq
    START WITH 1
    INCREMENT BY 1
    NO MINVALUE
    NO MAXVALUE
    CACHE 1
);


--
-- Name: seller_product; Type: TABLE; Schema: public; Owner: lena
--

CREATE TABLE public.seller_product (
    id bigint NOT NULL,
    title_product character varying(150) NOT NULL,
    description character varying(2000) NOT NULL,
    quantity smallint NOT NULL,
    store_name_id bigint NOT NULL,
    price numeric(10,2) NOT NULL,
    active_status boolean NOT NULL,
    CONSTRAINT seller_product_quantity_3b6e7ceb_check CHECK ((quantity >= 0))
);


ALTER TABLE public.seller_product OWNER TO lena;

--
-- Name: seller_product_id_seq; Type: SEQUENCE; Schema: public; Owner: lena
--

ALTER TABLE public.seller_product ALTER COLUMN id ADD GENERATED BY DEFAULT AS IDENTITY (
    SEQUENCE NAME public.seller_product_id_seq
    START WITH 1
    INCREMENT BY 1
    NO MINVALUE
    NO MAXVALUE
    CACHE 1
);


--
-- Name: seller_profileseller; Type: TABLE; Schema: public; Owner: lena
--

CREATE TABLE public.seller_profileseller (
    individual_taxpayer_number character varying(12) NOT NULL,
    type_of_organization character varying(3) NOT NULL,
    country_of_registration character varying(150) NOT NULL,
    password character varying(150) NOT NULL,
    email_id bigint NOT NULL,
    store_name character varying(150) NOT NULL,
    active_account boolean NOT NULL,
    id bigint NOT NULL
);


ALTER TABLE public.seller_profileseller OWNER TO lena;

--
-- Name: seller_profileseller_id_seq; Type: SEQUENCE; Schema: public; Owner: lena
--

ALTER TABLE public.seller_profileseller ALTER COLUMN id ADD GENERATED BY DEFAULT AS IDENTITY (
    SEQUENCE NAME public.seller_profileseller_id_seq
    START WITH 1
    INCREMENT BY 1
    NO MINVALUE
    NO MAXVALUE
    CACHE 1
);


--
-- Name: seller_tokenemailseller; Type: TABLE; Schema: public; Owner: lena
--

CREATE TABLE public.seller_tokenemailseller (
    id bigint NOT NULL,
    token character varying(254) NOT NULL,
    stop_date timestamp with time zone NOT NULL,
    profile_id bigint NOT NULL
);


ALTER TABLE public.seller_tokenemailseller OWNER TO lena;

--
-- Name: seller_tokenemailseller_id_seq; Type: SEQUENCE; Schema: public; Owner: lena
--

ALTER TABLE public.seller_tokenemailseller ALTER COLUMN id ADD GENERATED BY DEFAULT AS IDENTITY (
    SEQUENCE NAME public.seller_tokenemailseller_id_seq
    START WITH 1
    INCREMENT BY 1
    NO MINVALUE
    NO MAXVALUE
    CACHE 1
);


--
-- Name: seller_tokenseller; Type: TABLE; Schema: public; Owner: lena
--

CREATE TABLE public.seller_tokenseller (
    id bigint NOT NULL,
    token character varying(254) NOT NULL,
    stop_date timestamp with time zone NOT NULL,
    profile_id bigint NOT NULL
);


ALTER TABLE public.seller_tokenseller OWNER TO lena;

--
-- Name: seller_tokenseller_id_seq; Type: SEQUENCE; Schema: public; Owner: lena
--

ALTER TABLE public.seller_tokenseller ALTER COLUMN id ADD GENERATED BY DEFAULT AS IDENTITY (
    SEQUENCE NAME public.seller_tokenseller_id_seq
    START WITH 1
    INCREMENT BY 1
    NO MINVALUE
    NO MAXVALUE
    CACHE 1
);


--
-- Data for Name: auth_group; Type: TABLE DATA; Schema: public; Owner: lena
--

COPY public.auth_group (id, name) FROM stdin;
\.


--
-- Data for Name: auth_group_permissions; Type: TABLE DATA; Schema: public; Owner: lena
--

COPY public.auth_group_permissions (id, group_id, permission_id) FROM stdin;
\.


--
-- Data for Name: auth_permission; Type: TABLE DATA; Schema: public; Owner: lena
--

COPY public.auth_permission (id, name, content_type_id, codename) FROM stdin;
1	Can add log entry	1	add_logentry
2	Can change log entry	1	change_logentry
3	Can delete log entry	1	delete_logentry
4	Can view log entry	1	view_logentry
5	Can add permission	2	add_permission
6	Can change permission	2	change_permission
7	Can delete permission	2	delete_permission
8	Can view permission	2	view_permission
9	Can add group	3	add_group
10	Can change group	3	change_group
11	Can delete group	3	delete_group
12	Can view group	3	view_group
13	Can add user	4	add_user
14	Can change user	4	change_user
15	Can delete user	4	delete_user
16	Can view user	4	view_user
17	Can add content type	5	add_contenttype
18	Can change content type	5	change_contenttype
19	Can delete content type	5	delete_contenttype
20	Can view content type	5	view_contenttype
21	Can add session	6	add_session
22	Can change session	6	change_session
23	Can delete session	6	delete_session
24	Can view session	6	view_session
25	Can add emails	7	add_emails
26	Can change emails	7	change_emails
27	Can delete emails	7	delete_emails
28	Can view emails	7	view_emails
29	Can add profile	8	add_profile
30	Can change profile	8	change_profile
31	Can delete profile	8	delete_profile
32	Can view profile	8	view_profile
33	Can add buyer	9	add_buyer
34	Can change buyer	9	change_buyer
35	Can delete buyer	9	delete_buyer
36	Can view buyer	9	view_buyer
37	Can add profile buyer	8	add_profilebuyer
38	Can change profile buyer	8	change_profilebuyer
39	Can delete profile buyer	8	delete_profilebuyer
40	Can view profile buyer	8	view_profilebuyer
41	Can add profile seller	10	add_profileseller
42	Can change profile seller	10	change_profileseller
43	Can delete profile seller	10	delete_profileseller
44	Can view profile seller	10	view_profileseller
45	Can add catalogs	11	add_catalogs
46	Can change catalogs	11	change_catalogs
47	Can delete catalogs	11	delete_catalogs
48	Can view catalogs	11	view_catalogs
49	Can add email	7	add_email
50	Can change email	7	change_email
51	Can delete email	7	delete_email
52	Can view email	7	view_email
53	Can add catalog	12	add_catalog
54	Can change catalog	12	change_catalog
55	Can delete catalog	12	delete_catalog
56	Can view catalog	12	view_catalog
57	Can add product	13	add_product
58	Can change product	13	change_product
59	Can delete product	13	delete_product
60	Can view product	13	view_product
61	Can add catalog product	14	add_catalogproduct
62	Can change catalog product	14	change_catalogproduct
63	Can delete catalog product	14	delete_catalogproduct
64	Can view catalog product	14	view_catalogproduct
65	Can add token	15	add_token
66	Can change token	15	change_token
67	Can delete token	15	delete_token
68	Can view token	15	view_token
69	Can add shopping cart	16	add_shoppingcart
70	Can change shopping cart	16	change_shoppingcart
71	Can delete shopping cart	16	delete_shoppingcart
72	Can view shopping cart	16	view_shoppingcart
73	Can add token email	15	add_tokenemail
74	Can change token email	15	change_tokenemail
75	Can delete token email	15	delete_tokenemail
76	Can view token email	15	view_tokenemail
77	Can add token main	17	add_tokenmain
78	Can change token main	17	change_tokenmain
79	Can delete token main	17	delete_tokenmain
80	Can view token main	17	view_tokenmain
81	Can add profile type	18	add_profiletype
82	Can change profile type	18	change_profiletype
83	Can delete profile type	18	delete_profiletype
84	Can view profile type	18	view_profiletype
85	Can add token buyer	19	add_tokenbuyer
86	Can change token buyer	19	change_tokenbuyer
87	Can delete token buyer	19	delete_tokenbuyer
88	Can view token buyer	19	view_tokenbuyer
89	Can add token seller	20	add_tokenseller
90	Can change token seller	20	change_tokenseller
91	Can delete token seller	20	delete_tokenseller
92	Can view token seller	20	view_tokenseller
93	Can add token email buyer	21	add_tokenemailbuyer
94	Can change token email buyer	21	change_tokenemailbuyer
95	Can delete token email buyer	21	delete_tokenemailbuyer
96	Can view token email buyer	21	view_tokenemailbuyer
97	Can add token email seller	22	add_tokenemailseller
98	Can change token email seller	22	change_tokenemailseller
99	Can delete token email seller	22	delete_tokenemailseller
100	Can view token email seller	22	view_tokenemailseller
\.


--
-- Data for Name: auth_user; Type: TABLE DATA; Schema: public; Owner: lena
--

COPY public.auth_user (id, password, last_login, is_superuser, username, first_name, last_name, email, is_staff, is_active, date_joined) FROM stdin;
\.


--
-- Data for Name: auth_user_groups; Type: TABLE DATA; Schema: public; Owner: lena
--

COPY public.auth_user_groups (id, user_id, group_id) FROM stdin;
\.


--
-- Data for Name: auth_user_user_permissions; Type: TABLE DATA; Schema: public; Owner: lena
--

COPY public.auth_user_user_permissions (id, user_id, permission_id) FROM stdin;
\.


--
-- Data for Name: buyer_email; Type: TABLE DATA; Schema: public; Owner: lena
--

COPY public.buyer_email (id, email) FROM stdin;
\.


--
-- Data for Name: buyer_profilebuyer; Type: TABLE DATA; Schema: public; Owner: lena
--

COPY public.buyer_profilebuyer (name, surname, password, email_id, active_account, id) FROM stdin;
\.


--
-- Data for Name: buyer_shoppingcart; Type: TABLE DATA; Schema: public; Owner: lena
--

COPY public.buyer_shoppingcart (buyer_id, product_id, quantity, id) FROM stdin;
\.


--
-- Data for Name: buyer_tokenbuyer; Type: TABLE DATA; Schema: public; Owner: lena
--

COPY public.buyer_tokenbuyer (id, token, stop_date, profile_id) FROM stdin;
\.


--
-- Data for Name: buyer_tokenemailbuyer; Type: TABLE DATA; Schema: public; Owner: lena
--

COPY public.buyer_tokenemailbuyer (id, token, stop_date, profile_id) FROM stdin;
\.


--
-- Data for Name: django_admin_log; Type: TABLE DATA; Schema: public; Owner: lena
--

COPY public.django_admin_log (id, action_time, object_id, object_repr, action_flag, change_message, content_type_id, user_id) FROM stdin;
\.


--
-- Data for Name: django_content_type; Type: TABLE DATA; Schema: public; Owner: lena
--

COPY public.django_content_type (id, app_label, model) FROM stdin;
1	admin	logentry
2	auth	permission
3	auth	group
4	auth	user
5	contenttypes	contenttype
6	sessions	session
9	buyer	buyer
8	buyer	profilebuyer
10	seller	profileseller
11	buyer	catalogs
7	buyer	email
12	seller	catalog
13	seller	product
14	seller	catalogproduct
16	buyer	shoppingcart
15	buyer	tokenemail
17	buyer	tokenmain
18	buyer	profiletype
19	buyer	tokenbuyer
20	seller	tokenseller
21	buyer	tokenemailbuyer
22	seller	tokenemailseller
\.


--
-- Data for Name: django_migrations; Type: TABLE DATA; Schema: public; Owner: lena
--

COPY public.django_migrations (id, app, name, applied) FROM stdin;
1	contenttypes	0001_initial	2023-11-15 13:04:12.405756+00
2	auth	0001_initial	2023-11-15 13:04:12.504488+00
3	admin	0001_initial	2023-11-15 13:04:12.539223+00
4	admin	0002_logentry_remove_auto_add	2023-11-15 13:04:12.553244+00
5	admin	0003_logentry_add_action_flag_choices	2023-11-15 13:04:12.561416+00
6	contenttypes	0002_remove_content_type_name	2023-11-15 13:04:12.571618+00
7	auth	0002_alter_permission_name_max_length	2023-11-15 13:04:12.577137+00
8	auth	0003_alter_user_email_max_length	2023-11-15 13:04:12.58289+00
9	auth	0004_alter_user_username_opts	2023-11-15 13:04:12.588445+00
10	auth	0005_alter_user_last_login_null	2023-11-15 13:04:12.59392+00
11	auth	0006_require_contenttypes_0002	2023-11-15 13:04:12.596859+00
12	auth	0007_alter_validators_add_error_messages	2023-11-15 13:04:12.603123+00
13	auth	0008_alter_user_username_max_length	2023-11-15 13:04:12.612619+00
14	auth	0009_alter_user_last_name_max_length	2023-11-15 13:04:12.620133+00
15	auth	0010_alter_group_name_max_length	2023-11-15 13:04:12.628779+00
16	auth	0011_update_proxy_permissions	2023-11-15 13:04:12.635041+00
17	auth	0012_alter_user_first_name_max_length	2023-11-15 13:04:12.641111+00
18	buyer	0001_initial	2023-11-15 13:04:12.655939+00
19	sessions	0001_initial	2023-11-15 13:04:12.673788+00
20	buyer	0002_buyer_delete_profile	2023-11-16 09:38:36.052814+00
21	buyer	0003_rename_buyer_profile	2023-11-16 09:40:18.148342+00
22	buyer	0004_rename_profile_profilebuyer	2023-11-16 10:04:06.23284+00
23	seller	0001_initial	2023-11-16 10:04:06.251034+00
24	buyer	0005_alter_emails_email_alter_profilebuyer_name_and_more	2023-11-17 12:45:42.489975+00
25	seller	0002_alter_profileseller_password	2023-11-17 12:45:42.503178+00
26	buyer	0006_catalogs_alter_emails_email	2023-11-30 15:17:49.74984+00
27	seller	0003_alter_profileseller_type_of_organization	2023-11-30 15:17:49.769906+00
28	buyer	0007_delete_catalogs	2023-12-01 11:59:31.21225+00
29	seller	0004_catalog_catalogproduct_profileseller_store_name_and_more	2023-12-01 12:28:53.958356+00
30	buyer	0008_rename_emails_email	2023-12-01 12:28:53.986356+00
31	seller	0005_remove_product_catalogs_remove_product_store_name_and_more	2023-12-01 12:28:54.005176+00
32	seller	0006_catalogproduct_product_catalogproduct_product	2023-12-01 12:29:07.509418+00
33	seller	0007_product_price	2023-12-04 13:34:43.875929+00
34	seller	0008_alter_product_quantity	2023-12-07 10:00:50.073803+00
35	seller	0009_rename_catalogs_product_catalog_product	2023-12-08 12:28:44.844555+00
36	buyer	0009_alter_profilebuyer_password	2023-12-13 15:01:09.087382+00
37	buyer	0010_profilebuyer_token	2023-12-18 09:56:27.650898+00
38	buyer	0011_remove_profilebuyer_token_token	2023-12-18 11:13:57.434787+00
39	buyer	0012_profilebuyer_active_account	2023-12-18 11:33:21.928507+00
40	buyer	0013_shoppingcart	2023-12-18 12:37:52.064843+00
41	buyer	0014_token_stop_date	2023-12-19 08:55:42.045703+00
42	buyer	0015_alter_profilebuyer_password	2023-12-19 09:51:47.992614+00
43	buyer	0016_alter_profilebuyer_password	2023-12-19 09:52:27.467473+00
44	buyer	0017_rename_token_tokenemail_tokenmain	2023-12-19 11:03:09.470368+00
45	buyer	0018_shoppingcart_quantity	2023-12-21 08:03:26.406309+00
46	buyer	0019_remove_tokenemail_stop_date	2023-12-22 08:56:10.762291+00
47	buyer	0020_tokenemail_stop_date_tokenmain_stop_date	2023-12-22 09:34:06.711124+00
48	buyer	0021_rename_token_tokenemail_token_email	2023-12-27 09:28:24.045971+00
49	buyer	0022_profiletype_profilebuyer_profile_type	2024-01-22 12:06:54.577622+00
50	seller	0010_profileseller_profile_type	2024-01-22 12:06:54.593115+00
51	buyer	0023_alter_profilebuyer_profile_type	2024-01-22 12:11:06.921488+00
52	seller	0011_remove_profileseller_profile_type	2024-01-22 13:37:28.09955+00
53	buyer	0024_remove_profilebuyer_profile_type_delete_profiletype	2024-01-22 13:37:28.113206+00
54	seller	0012_alter_profileseller_password	2024-01-23 13:56:31.147098+00
55	seller	0013_profileseller_active_account	2024-01-24 09:43:55.537041+00
56	buyer	0025_rename_token_email_tokenemail_token_and_more	2024-01-24 12:58:30.137987+00
58	seller	0014_alter_product_description_alter_product_price_and_more	2024-01-31 08:38:35.856555+00
84	buyer	0026_remove_shoppingcart_id_alter_shoppingcart_buyer	2024-02-28 14:03:04.206233+00
85	buyer	0027_alter_profilebuyer_email	2024-02-28 14:03:04.222987+00
86	buyer	0028_tokenbuyer_delete_tokenmain	2024-02-28 14:03:04.232206+00
87	buyer	0029_tokenbuyer_profile_buyer	2024-02-28 14:03:04.246472+00
88	buyer	0030_rename_profile_buyer_tokenbuyer_profile	2024-02-28 14:03:04.253494+00
89	buyer	0031_tokenemailbuyer_delete_tokenemail	2024-02-28 14:03:04.27307+00
90	buyer	0032_alter_tokenbuyer_token_alter_tokenemailbuyer_token	2024-02-28 14:03:04.291929+00
91	seller	0015_alter_profileseller_email	2024-02-28 14:03:04.310482+00
92	seller	0016_tokenseller	2024-02-28 14:03:04.319195+00
93	seller	0017_tokenseller_profileseller	2024-02-28 14:03:04.336639+00
94	seller	0018_rename_profileseller_tokenseller_profile	2024-02-28 14:03:04.346125+00
95	seller	0019_tokenemailseller	2024-02-28 14:03:04.365029+00
96	seller	0020_product_active_status	2024-02-28 14:03:04.374059+00
97	seller	0021_rename_individual_taxpayer_number_profileseller_individual_taxpayer_number_and_more	2024-02-28 14:03:04.414858+00
98	seller	0022_alter_product_quantity	2024-02-28 14:03:04.423231+00
99	buyer	0033_alter_profilebuyer_name_alter_profilebuyer_surname_and_more	2024-02-29 09:52:43.665718+00
100	seller	0023_alter_catalog_title_catalog_and_more	2024-02-29 11:11:39.81959+00
\.


--
-- Data for Name: django_session; Type: TABLE DATA; Schema: public; Owner: lena
--

COPY public.django_session (session_key, session_data, expire_date) FROM stdin;
\.


--
-- Data for Name: seller_catalog; Type: TABLE DATA; Schema: public; Owner: lena
--

COPY public.seller_catalog (id, title_catalog) FROM stdin;
\.


--
-- Data for Name: seller_catalogproduct; Type: TABLE DATA; Schema: public; Owner: lena
--

COPY public.seller_catalogproduct (id, catalog_id, product_id) FROM stdin;
\.


--
-- Data for Name: seller_product; Type: TABLE DATA; Schema: public; Owner: lena
--

COPY public.seller_product (id, title_product, description, quantity, store_name_id, price, active_status) FROM stdin;
\.


--
-- Data for Name: seller_profileseller; Type: TABLE DATA; Schema: public; Owner: lena
--

COPY public.seller_profileseller (individual_taxpayer_number, type_of_organization, country_of_registration, password, email_id, store_name, active_account, id) FROM stdin;
\.


--
-- Data for Name: seller_tokenemailseller; Type: TABLE DATA; Schema: public; Owner: lena
--

COPY public.seller_tokenemailseller (id, token, stop_date, profile_id) FROM stdin;
\.


--
-- Data for Name: seller_tokenseller; Type: TABLE DATA; Schema: public; Owner: lena
--

COPY public.seller_tokenseller (id, token, stop_date, profile_id) FROM stdin;
\.


--
-- Name: auth_group_id_seq; Type: SEQUENCE SET; Schema: public; Owner: lena
--

SELECT pg_catalog.setval('public.auth_group_id_seq', 1, false);


--
-- Name: auth_group_permissions_id_seq; Type: SEQUENCE SET; Schema: public; Owner: lena
--

SELECT pg_catalog.setval('public.auth_group_permissions_id_seq', 1, false);


--
-- Name: auth_permission_id_seq; Type: SEQUENCE SET; Schema: public; Owner: lena
--

SELECT pg_catalog.setval('public.auth_permission_id_seq', 100, true);


--
-- Name: auth_user_groups_id_seq; Type: SEQUENCE SET; Schema: public; Owner: lena
--

SELECT pg_catalog.setval('public.auth_user_groups_id_seq', 1, false);


--
-- Name: auth_user_id_seq; Type: SEQUENCE SET; Schema: public; Owner: lena
--

SELECT pg_catalog.setval('public.auth_user_id_seq', 1, false);


--
-- Name: auth_user_user_permissions_id_seq; Type: SEQUENCE SET; Schema: public; Owner: lena
--

SELECT pg_catalog.setval('public.auth_user_user_permissions_id_seq', 1, false);


--
-- Name: buyer_emails_id_seq; Type: SEQUENCE SET; Schema: public; Owner: lena
--

SELECT pg_catalog.setval('public.buyer_emails_id_seq', 1, false);


--
-- Name: buyer_profilebuyer_id_seq; Type: SEQUENCE SET; Schema: public; Owner: lena
--

SELECT pg_catalog.setval('public.buyer_profilebuyer_id_seq', 1, false);


--
-- Name: buyer_shoppingcart_id_seq; Type: SEQUENCE SET; Schema: public; Owner: lena
--

SELECT pg_catalog.setval('public.buyer_shoppingcart_id_seq', 1, false);


--
-- Name: buyer_tokenbuyer_id_seq; Type: SEQUENCE SET; Schema: public; Owner: lena
--

SELECT pg_catalog.setval('public.buyer_tokenbuyer_id_seq', 1, false);


--
-- Name: buyer_tokenemailbuyer_id_seq; Type: SEQUENCE SET; Schema: public; Owner: lena
--

SELECT pg_catalog.setval('public.buyer_tokenemailbuyer_id_seq', 1, false);


--
-- Name: django_admin_log_id_seq; Type: SEQUENCE SET; Schema: public; Owner: lena
--

SELECT pg_catalog.setval('public.django_admin_log_id_seq', 1, false);


--
-- Name: django_content_type_id_seq; Type: SEQUENCE SET; Schema: public; Owner: lena
--

SELECT pg_catalog.setval('public.django_content_type_id_seq', 22, true);


--
-- Name: django_migrations_id_seq; Type: SEQUENCE SET; Schema: public; Owner: lena
--

SELECT pg_catalog.setval('public.django_migrations_id_seq', 100, true);


--
-- Name: seller_catalog_id_seq; Type: SEQUENCE SET; Schema: public; Owner: lena
--

SELECT pg_catalog.setval('public.seller_catalog_id_seq', 1, false);


--
-- Name: seller_catalogproduct_id_seq; Type: SEQUENCE SET; Schema: public; Owner: lena
--

SELECT pg_catalog.setval('public.seller_catalogproduct_id_seq', 1, false);


--
-- Name: seller_product_id_seq; Type: SEQUENCE SET; Schema: public; Owner: lena
--

SELECT pg_catalog.setval('public.seller_product_id_seq', 1, false);


--
-- Name: seller_profileseller_id_seq; Type: SEQUENCE SET; Schema: public; Owner: lena
--

SELECT pg_catalog.setval('public.seller_profileseller_id_seq', 1, false);


--
-- Name: seller_tokenemailseller_id_seq; Type: SEQUENCE SET; Schema: public; Owner: lena
--

SELECT pg_catalog.setval('public.seller_tokenemailseller_id_seq', 1, false);


--
-- Name: seller_tokenseller_id_seq; Type: SEQUENCE SET; Schema: public; Owner: lena
--

SELECT pg_catalog.setval('public.seller_tokenseller_id_seq', 1, false);


--
-- Name: auth_group auth_group_name_key; Type: CONSTRAINT; Schema: public; Owner: lena
--

ALTER TABLE ONLY public.auth_group
    ADD CONSTRAINT auth_group_name_key UNIQUE (name);


--
-- Name: auth_group_permissions auth_group_permissions_group_id_permission_id_0cd325b0_uniq; Type: CONSTRAINT; Schema: public; Owner: lena
--

ALTER TABLE ONLY public.auth_group_permissions
    ADD CONSTRAINT auth_group_permissions_group_id_permission_id_0cd325b0_uniq UNIQUE (group_id, permission_id);


--
-- Name: auth_group_permissions auth_group_permissions_pkey; Type: CONSTRAINT; Schema: public; Owner: lena
--

ALTER TABLE ONLY public.auth_group_permissions
    ADD CONSTRAINT auth_group_permissions_pkey PRIMARY KEY (id);


--
-- Name: auth_group auth_group_pkey; Type: CONSTRAINT; Schema: public; Owner: lena
--

ALTER TABLE ONLY public.auth_group
    ADD CONSTRAINT auth_group_pkey PRIMARY KEY (id);


--
-- Name: auth_permission auth_permission_content_type_id_codename_01ab375a_uniq; Type: CONSTRAINT; Schema: public; Owner: lena
--

ALTER TABLE ONLY public.auth_permission
    ADD CONSTRAINT auth_permission_content_type_id_codename_01ab375a_uniq UNIQUE (content_type_id, codename);


--
-- Name: auth_permission auth_permission_pkey; Type: CONSTRAINT; Schema: public; Owner: lena
--

ALTER TABLE ONLY public.auth_permission
    ADD CONSTRAINT auth_permission_pkey PRIMARY KEY (id);


--
-- Name: auth_user_groups auth_user_groups_pkey; Type: CONSTRAINT; Schema: public; Owner: lena
--

ALTER TABLE ONLY public.auth_user_groups
    ADD CONSTRAINT auth_user_groups_pkey PRIMARY KEY (id);


--
-- Name: auth_user_groups auth_user_groups_user_id_group_id_94350c0c_uniq; Type: CONSTRAINT; Schema: public; Owner: lena
--

ALTER TABLE ONLY public.auth_user_groups
    ADD CONSTRAINT auth_user_groups_user_id_group_id_94350c0c_uniq UNIQUE (user_id, group_id);


--
-- Name: auth_user auth_user_pkey; Type: CONSTRAINT; Schema: public; Owner: lena
--

ALTER TABLE ONLY public.auth_user
    ADD CONSTRAINT auth_user_pkey PRIMARY KEY (id);


--
-- Name: auth_user_user_permissions auth_user_user_permissions_pkey; Type: CONSTRAINT; Schema: public; Owner: lena
--

ALTER TABLE ONLY public.auth_user_user_permissions
    ADD CONSTRAINT auth_user_user_permissions_pkey PRIMARY KEY (id);


--
-- Name: auth_user_user_permissions auth_user_user_permissions_user_id_permission_id_14a6b632_uniq; Type: CONSTRAINT; Schema: public; Owner: lena
--

ALTER TABLE ONLY public.auth_user_user_permissions
    ADD CONSTRAINT auth_user_user_permissions_user_id_permission_id_14a6b632_uniq UNIQUE (user_id, permission_id);


--
-- Name: auth_user auth_user_username_key; Type: CONSTRAINT; Schema: public; Owner: lena
--

ALTER TABLE ONLY public.auth_user
    ADD CONSTRAINT auth_user_username_key UNIQUE (username);


--
-- Name: buyer_email buyer_emails_pkey; Type: CONSTRAINT; Schema: public; Owner: lena
--

ALTER TABLE ONLY public.buyer_email
    ADD CONSTRAINT buyer_emails_pkey PRIMARY KEY (id);


--
-- Name: buyer_profilebuyer buyer_profilebuyer_email_id_d5a0e340_uniq; Type: CONSTRAINT; Schema: public; Owner: lena
--

ALTER TABLE ONLY public.buyer_profilebuyer
    ADD CONSTRAINT buyer_profilebuyer_email_id_d5a0e340_uniq UNIQUE (email_id);


--
-- Name: buyer_profilebuyer buyer_profilebuyer_pkey; Type: CONSTRAINT; Schema: public; Owner: lena
--

ALTER TABLE ONLY public.buyer_profilebuyer
    ADD CONSTRAINT buyer_profilebuyer_pkey PRIMARY KEY (id);


--
-- Name: buyer_shoppingcart buyer_shoppingcart_buyer_id_262860fb_uniq; Type: CONSTRAINT; Schema: public; Owner: lena
--

ALTER TABLE ONLY public.buyer_shoppingcart
    ADD CONSTRAINT buyer_shoppingcart_buyer_id_262860fb_uniq UNIQUE (buyer_id);


--
-- Name: buyer_shoppingcart buyer_shoppingcart_pkey; Type: CONSTRAINT; Schema: public; Owner: lena
--

ALTER TABLE ONLY public.buyer_shoppingcart
    ADD CONSTRAINT buyer_shoppingcart_pkey PRIMARY KEY (id);


--
-- Name: buyer_tokenbuyer buyer_tokenbuyer_pkey; Type: CONSTRAINT; Schema: public; Owner: lena
--

ALTER TABLE ONLY public.buyer_tokenbuyer
    ADD CONSTRAINT buyer_tokenbuyer_pkey PRIMARY KEY (id);


--
-- Name: buyer_tokenemailbuyer buyer_tokenemailbuyer_pkey; Type: CONSTRAINT; Schema: public; Owner: lena
--

ALTER TABLE ONLY public.buyer_tokenemailbuyer
    ADD CONSTRAINT buyer_tokenemailbuyer_pkey PRIMARY KEY (id);


--
-- Name: django_admin_log django_admin_log_pkey; Type: CONSTRAINT; Schema: public; Owner: lena
--

ALTER TABLE ONLY public.django_admin_log
    ADD CONSTRAINT django_admin_log_pkey PRIMARY KEY (id);


--
-- Name: django_content_type django_content_type_app_label_model_76bd3d3b_uniq; Type: CONSTRAINT; Schema: public; Owner: lena
--

ALTER TABLE ONLY public.django_content_type
    ADD CONSTRAINT django_content_type_app_label_model_76bd3d3b_uniq UNIQUE (app_label, model);


--
-- Name: django_content_type django_content_type_pkey; Type: CONSTRAINT; Schema: public; Owner: lena
--

ALTER TABLE ONLY public.django_content_type
    ADD CONSTRAINT django_content_type_pkey PRIMARY KEY (id);


--
-- Name: django_migrations django_migrations_pkey; Type: CONSTRAINT; Schema: public; Owner: lena
--

ALTER TABLE ONLY public.django_migrations
    ADD CONSTRAINT django_migrations_pkey PRIMARY KEY (id);


--
-- Name: django_session django_session_pkey; Type: CONSTRAINT; Schema: public; Owner: lena
--

ALTER TABLE ONLY public.django_session
    ADD CONSTRAINT django_session_pkey PRIMARY KEY (session_key);


--
-- Name: seller_catalog seller_catalog_pkey; Type: CONSTRAINT; Schema: public; Owner: lena
--

ALTER TABLE ONLY public.seller_catalog
    ADD CONSTRAINT seller_catalog_pkey PRIMARY KEY (id);


--
-- Name: seller_catalogproduct seller_catalogproduct_pkey; Type: CONSTRAINT; Schema: public; Owner: lena
--

ALTER TABLE ONLY public.seller_catalogproduct
    ADD CONSTRAINT seller_catalogproduct_pkey PRIMARY KEY (id);


--
-- Name: seller_product seller_product_pkey; Type: CONSTRAINT; Schema: public; Owner: lena
--

ALTER TABLE ONLY public.seller_product
    ADD CONSTRAINT seller_product_pkey PRIMARY KEY (id);


--
-- Name: seller_profileseller seller_profileseller_email_id_5950e05b_uniq; Type: CONSTRAINT; Schema: public; Owner: lena
--

ALTER TABLE ONLY public.seller_profileseller
    ADD CONSTRAINT seller_profileseller_email_id_5950e05b_uniq UNIQUE (email_id);


--
-- Name: seller_profileseller seller_profileseller_pkey; Type: CONSTRAINT; Schema: public; Owner: lena
--

ALTER TABLE ONLY public.seller_profileseller
    ADD CONSTRAINT seller_profileseller_pkey PRIMARY KEY (id);


--
-- Name: seller_tokenemailseller seller_tokenemailseller_pkey; Type: CONSTRAINT; Schema: public; Owner: lena
--

ALTER TABLE ONLY public.seller_tokenemailseller
    ADD CONSTRAINT seller_tokenemailseller_pkey PRIMARY KEY (id);


--
-- Name: seller_tokenseller seller_tokenseller_pkey; Type: CONSTRAINT; Schema: public; Owner: lena
--

ALTER TABLE ONLY public.seller_tokenseller
    ADD CONSTRAINT seller_tokenseller_pkey PRIMARY KEY (id);


--
-- Name: auth_group_name_a6ea08ec_like; Type: INDEX; Schema: public; Owner: lena
--

CREATE INDEX auth_group_name_a6ea08ec_like ON public.auth_group USING btree (name varchar_pattern_ops);


--
-- Name: auth_group_permissions_group_id_b120cbf9; Type: INDEX; Schema: public; Owner: lena
--

CREATE INDEX auth_group_permissions_group_id_b120cbf9 ON public.auth_group_permissions USING btree (group_id);


--
-- Name: auth_group_permissions_permission_id_84c5c92e; Type: INDEX; Schema: public; Owner: lena
--

CREATE INDEX auth_group_permissions_permission_id_84c5c92e ON public.auth_group_permissions USING btree (permission_id);


--
-- Name: auth_permission_content_type_id_2f476e4b; Type: INDEX; Schema: public; Owner: lena
--

CREATE INDEX auth_permission_content_type_id_2f476e4b ON public.auth_permission USING btree (content_type_id);


--
-- Name: auth_user_groups_group_id_97559544; Type: INDEX; Schema: public; Owner: lena
--

CREATE INDEX auth_user_groups_group_id_97559544 ON public.auth_user_groups USING btree (group_id);


--
-- Name: auth_user_groups_user_id_6a12ed8b; Type: INDEX; Schema: public; Owner: lena
--

CREATE INDEX auth_user_groups_user_id_6a12ed8b ON public.auth_user_groups USING btree (user_id);


--
-- Name: auth_user_user_permissions_permission_id_1fbb5f2c; Type: INDEX; Schema: public; Owner: lena
--

CREATE INDEX auth_user_user_permissions_permission_id_1fbb5f2c ON public.auth_user_user_permissions USING btree (permission_id);


--
-- Name: auth_user_user_permissions_user_id_a95ead1b; Type: INDEX; Schema: public; Owner: lena
--

CREATE INDEX auth_user_user_permissions_user_id_a95ead1b ON public.auth_user_user_permissions USING btree (user_id);


--
-- Name: auth_user_username_6821ab7c_like; Type: INDEX; Schema: public; Owner: lena
--

CREATE INDEX auth_user_username_6821ab7c_like ON public.auth_user USING btree (username varchar_pattern_ops);


--
-- Name: buyer_shoppingcart_product_id_3e9b03a9; Type: INDEX; Schema: public; Owner: lena
--

CREATE INDEX buyer_shoppingcart_product_id_3e9b03a9 ON public.buyer_shoppingcart USING btree (product_id);


--
-- Name: buyer_tokenbuyer_profile_buyer_id_03e4a824; Type: INDEX; Schema: public; Owner: lena
--

CREATE INDEX buyer_tokenbuyer_profile_buyer_id_03e4a824 ON public.buyer_tokenbuyer USING btree (profile_id);


--
-- Name: buyer_tokenemailbuyer_profile_id_f6040c5d; Type: INDEX; Schema: public; Owner: lena
--

CREATE INDEX buyer_tokenemailbuyer_profile_id_f6040c5d ON public.buyer_tokenemailbuyer USING btree (profile_id);


--
-- Name: django_admin_log_content_type_id_c4bce8eb; Type: INDEX; Schema: public; Owner: lena
--

CREATE INDEX django_admin_log_content_type_id_c4bce8eb ON public.django_admin_log USING btree (content_type_id);


--
-- Name: django_admin_log_user_id_c564eba6; Type: INDEX; Schema: public; Owner: lena
--

CREATE INDEX django_admin_log_user_id_c564eba6 ON public.django_admin_log USING btree (user_id);


--
-- Name: django_session_expire_date_a5c62663; Type: INDEX; Schema: public; Owner: lena
--

CREATE INDEX django_session_expire_date_a5c62663 ON public.django_session USING btree (expire_date);


--
-- Name: django_session_session_key_c0390e0f_like; Type: INDEX; Schema: public; Owner: lena
--

CREATE INDEX django_session_session_key_c0390e0f_like ON public.django_session USING btree (session_key varchar_pattern_ops);


--
-- Name: seller_catalogproduct_catalog_id_4d8e68ed; Type: INDEX; Schema: public; Owner: lena
--

CREATE INDEX seller_catalogproduct_catalog_id_4d8e68ed ON public.seller_catalogproduct USING btree (catalog_id);


--
-- Name: seller_catalogproduct_product_id_9b5db5c2; Type: INDEX; Schema: public; Owner: lena
--

CREATE INDEX seller_catalogproduct_product_id_9b5db5c2 ON public.seller_catalogproduct USING btree (product_id);


--
-- Name: seller_product_store_name_id_1f859c43; Type: INDEX; Schema: public; Owner: lena
--

CREATE INDEX seller_product_store_name_id_1f859c43 ON public.seller_product USING btree (store_name_id);


--
-- Name: seller_tokenemailseller_profile_id_6f60aca8; Type: INDEX; Schema: public; Owner: lena
--

CREATE INDEX seller_tokenemailseller_profile_id_6f60aca8 ON public.seller_tokenemailseller USING btree (profile_id);


--
-- Name: seller_tokenseller_ProfileSeller_id_70552fde; Type: INDEX; Schema: public; Owner: lena
--

CREATE INDEX "seller_tokenseller_ProfileSeller_id_70552fde" ON public.seller_tokenseller USING btree (profile_id);


--
-- Name: auth_group_permissions auth_group_permissio_permission_id_84c5c92e_fk_auth_perm; Type: FK CONSTRAINT; Schema: public; Owner: lena
--

ALTER TABLE ONLY public.auth_group_permissions
    ADD CONSTRAINT auth_group_permissio_permission_id_84c5c92e_fk_auth_perm FOREIGN KEY (permission_id) REFERENCES public.auth_permission(id) DEFERRABLE INITIALLY DEFERRED;


--
-- Name: auth_group_permissions auth_group_permissions_group_id_b120cbf9_fk_auth_group_id; Type: FK CONSTRAINT; Schema: public; Owner: lena
--

ALTER TABLE ONLY public.auth_group_permissions
    ADD CONSTRAINT auth_group_permissions_group_id_b120cbf9_fk_auth_group_id FOREIGN KEY (group_id) REFERENCES public.auth_group(id) DEFERRABLE INITIALLY DEFERRED;


--
-- Name: auth_permission auth_permission_content_type_id_2f476e4b_fk_django_co; Type: FK CONSTRAINT; Schema: public; Owner: lena
--

ALTER TABLE ONLY public.auth_permission
    ADD CONSTRAINT auth_permission_content_type_id_2f476e4b_fk_django_co FOREIGN KEY (content_type_id) REFERENCES public.django_content_type(id) DEFERRABLE INITIALLY DEFERRED;


--
-- Name: auth_user_groups auth_user_groups_group_id_97559544_fk_auth_group_id; Type: FK CONSTRAINT; Schema: public; Owner: lena
--

ALTER TABLE ONLY public.auth_user_groups
    ADD CONSTRAINT auth_user_groups_group_id_97559544_fk_auth_group_id FOREIGN KEY (group_id) REFERENCES public.auth_group(id) DEFERRABLE INITIALLY DEFERRED;


--
-- Name: auth_user_groups auth_user_groups_user_id_6a12ed8b_fk_auth_user_id; Type: FK CONSTRAINT; Schema: public; Owner: lena
--

ALTER TABLE ONLY public.auth_user_groups
    ADD CONSTRAINT auth_user_groups_user_id_6a12ed8b_fk_auth_user_id FOREIGN KEY (user_id) REFERENCES public.auth_user(id) DEFERRABLE INITIALLY DEFERRED;


--
-- Name: auth_user_user_permissions auth_user_user_permi_permission_id_1fbb5f2c_fk_auth_perm; Type: FK CONSTRAINT; Schema: public; Owner: lena
--

ALTER TABLE ONLY public.auth_user_user_permissions
    ADD CONSTRAINT auth_user_user_permi_permission_id_1fbb5f2c_fk_auth_perm FOREIGN KEY (permission_id) REFERENCES public.auth_permission(id) DEFERRABLE INITIALLY DEFERRED;


--
-- Name: auth_user_user_permissions auth_user_user_permissions_user_id_a95ead1b_fk_auth_user_id; Type: FK CONSTRAINT; Schema: public; Owner: lena
--

ALTER TABLE ONLY public.auth_user_user_permissions
    ADD CONSTRAINT auth_user_user_permissions_user_id_a95ead1b_fk_auth_user_id FOREIGN KEY (user_id) REFERENCES public.auth_user(id) DEFERRABLE INITIALLY DEFERRED;


--
-- Name: buyer_profilebuyer buyer_profilebuyer_email_id_d5a0e340_fk_buyer_email_id; Type: FK CONSTRAINT; Schema: public; Owner: lena
--

ALTER TABLE ONLY public.buyer_profilebuyer
    ADD CONSTRAINT buyer_profilebuyer_email_id_d5a0e340_fk_buyer_email_id FOREIGN KEY (email_id) REFERENCES public.buyer_email(id) DEFERRABLE INITIALLY DEFERRED;


--
-- Name: buyer_shoppingcart buyer_shoppingcart_product_id_3e9b03a9_fk_seller_product_id; Type: FK CONSTRAINT; Schema: public; Owner: lena
--

ALTER TABLE ONLY public.buyer_shoppingcart
    ADD CONSTRAINT buyer_shoppingcart_product_id_3e9b03a9_fk_seller_product_id FOREIGN KEY (product_id) REFERENCES public.seller_product(id) DEFERRABLE INITIALLY DEFERRED;


--
-- Name: buyer_tokenbuyer buyer_tokenbuyer_profile_id_bb0c4684_fk_buyer_profilebuyer_id; Type: FK CONSTRAINT; Schema: public; Owner: lena
--

ALTER TABLE ONLY public.buyer_tokenbuyer
    ADD CONSTRAINT buyer_tokenbuyer_profile_id_bb0c4684_fk_buyer_profilebuyer_id FOREIGN KEY (profile_id) REFERENCES public.buyer_profilebuyer(id) DEFERRABLE INITIALLY DEFERRED;


--
-- Name: buyer_tokenemailbuyer buyer_tokenemailbuye_profile_id_f6040c5d_fk_buyer_pro; Type: FK CONSTRAINT; Schema: public; Owner: lena
--

ALTER TABLE ONLY public.buyer_tokenemailbuyer
    ADD CONSTRAINT buyer_tokenemailbuye_profile_id_f6040c5d_fk_buyer_pro FOREIGN KEY (profile_id) REFERENCES public.buyer_profilebuyer(id) DEFERRABLE INITIALLY DEFERRED;


--
-- Name: django_admin_log django_admin_log_content_type_id_c4bce8eb_fk_django_co; Type: FK CONSTRAINT; Schema: public; Owner: lena
--

ALTER TABLE ONLY public.django_admin_log
    ADD CONSTRAINT django_admin_log_content_type_id_c4bce8eb_fk_django_co FOREIGN KEY (content_type_id) REFERENCES public.django_content_type(id) DEFERRABLE INITIALLY DEFERRED;


--
-- Name: django_admin_log django_admin_log_user_id_c564eba6_fk_auth_user_id; Type: FK CONSTRAINT; Schema: public; Owner: lena
--

ALTER TABLE ONLY public.django_admin_log
    ADD CONSTRAINT django_admin_log_user_id_c564eba6_fk_auth_user_id FOREIGN KEY (user_id) REFERENCES public.auth_user(id) DEFERRABLE INITIALLY DEFERRED;


--
-- Name: seller_catalogproduct seller_catalogproduct_catalog_id_4d8e68ed_fk_seller_catalog_id; Type: FK CONSTRAINT; Schema: public; Owner: lena
--

ALTER TABLE ONLY public.seller_catalogproduct
    ADD CONSTRAINT seller_catalogproduct_catalog_id_4d8e68ed_fk_seller_catalog_id FOREIGN KEY (catalog_id) REFERENCES public.seller_catalog(id) DEFERRABLE INITIALLY DEFERRED;


--
-- Name: seller_catalogproduct seller_catalogproduct_product_id_9b5db5c2_fk_seller_product_id; Type: FK CONSTRAINT; Schema: public; Owner: lena
--

ALTER TABLE ONLY public.seller_catalogproduct
    ADD CONSTRAINT seller_catalogproduct_product_id_9b5db5c2_fk_seller_product_id FOREIGN KEY (product_id) REFERENCES public.seller_product(id) DEFERRABLE INITIALLY DEFERRED;


--
-- Name: seller_profileseller seller_profileseller_email_id_5950e05b_fk_buyer_email_id; Type: FK CONSTRAINT; Schema: public; Owner: lena
--

ALTER TABLE ONLY public.seller_profileseller
    ADD CONSTRAINT seller_profileseller_email_id_5950e05b_fk_buyer_email_id FOREIGN KEY (email_id) REFERENCES public.buyer_email(id) DEFERRABLE INITIALLY DEFERRED;


--
-- Name: seller_tokenemailseller seller_tokenemailsel_profile_id_6f60aca8_fk_seller_pr; Type: FK CONSTRAINT; Schema: public; Owner: lena
--

ALTER TABLE ONLY public.seller_tokenemailseller
    ADD CONSTRAINT seller_tokenemailsel_profile_id_6f60aca8_fk_seller_pr FOREIGN KEY (profile_id) REFERENCES public.seller_profileseller(id) DEFERRABLE INITIALLY DEFERRED;


--
-- Name: seller_tokenseller seller_tokenseller_profile_id_228e4af1_fk_seller_pr; Type: FK CONSTRAINT; Schema: public; Owner: lena
--

ALTER TABLE ONLY public.seller_tokenseller
    ADD CONSTRAINT seller_tokenseller_profile_id_228e4af1_fk_seller_pr FOREIGN KEY (profile_id) REFERENCES public.seller_profileseller(id) DEFERRABLE INITIALLY DEFERRED;


--
-- PostgreSQL database dump complete
--

